Title,Published Date,Location,URL
Montør til automatiseringsprojekter,2024-04-08,Nykøbing M,https://www.jobindex.dk/vis-job/h1458518
Teamleder i Service,2024-04-08,Mariager,https://www.jobindex.dk/vis-job/h1458452
Erfaren debitorbogholder med fokus på inkasso til leasingselskab,2024-04-08,Aalborg,https://www.jobindex.dk/vis-job/h1458444
Er du vores nye butikssælger i INTERSPORT Outlet?,2024-04-08,Aalborg SV,https://www.jobindex.dk/vis-job/h1458434
Key Account Manager – tekniske produkter til grossister,2024-04-08,unknown,https://www.jobindex.dk/vis-job/h1458421
Robot Software ingeniør med fokus på avanceret kontrol og applikationsudvikling,2024-04-08,Aalborg SV,https://www.jobindex.dk/vis-job/h1458403
El-Konstruktør/Projektleder,2024-04-08,"Aalborg, Vejle eller Albertslund",https://www.jobindex.dk/vis-job/h1458357
Project Engineer - Controls,2024-04-08,Arden,https://www.jobindex.dk/vis-job/h1458319
"Udadvendt fysio/ergo-terapeut, der vil være med til at gøre en forskel",2024-04-08,Aalborg SV,https://www.jobindex.dk/vis-job/h1458296
Regnskabschef,2024-04-08,Aalborg,https://www.jobindex.dk/vis-job/h1458281
Sagsbehandler til skattefri virksomhedsomdannelse,2024-04-08,Aalborg,https://www.jobindex.dk/vis-job/h1458225
Sommerferieafløsere til produktion,2024-04-08,Aars,https://www.jobindex.dk/vis-job/h1458165
Er du vores nye procesoperatør til Food Oil i Agersted?,2024-04-08,unknown,https://www.jobindex.dk/vis-job/h1458156
Forsikringsrådgiver til Region Østvendsyssel,2024-04-08,"Hals, Vodskov, Frederikshavn, Sæby, Skagen, Hjallerup og Dronninglund",https://www.jobindex.dk/vis-job/h1458154
Rejsemontører,2024-04-08,Aalborg,https://www.jobindex.dk/vis-job/h1458090
Genbrugsvejleder,2024-04-08,unknown,https://www.jobindex.dk/vis-job/h1458072
Ferslev El har rigtig travlt og søger endnu en dygtig og engageret elektriker med erfaring og interesse i både større og mindre projekter,2024-04-08,Svenstrup J,https://www.jobindex.dk/vis-job/h1458029
Priskoordinator til EL-Installation,2024-04-08,"Herlev, Odense, Kolding, Åbyhøj, Aalborg eller Slagelse",https://www.jobindex.dk/vis-job/h1456953
Dækmontør søges til Frederikshavn,2024-04-08,unknown,https://www.jobindex.dk/vis-job/h1451085
Projektleder med interesse for CO2 og energi,2024-04-08,Aalborg Øst,https://www.jobindex.dk/vis-job/h1450948
R&D Test Engineer,2024-04-08,Frederikshavn,https://www.jobindex.dk/vis-job/h1450868
Mediesælger med teamleder-potentiale,2024-04-08,unknown,https://www.jobindex.dk/vis-job/h1450839
DoE & Parametrization Engineer,2024-04-08,Frederikshavn,https://www.jobindex.dk/vis-job/h1450824
Passioneret Marketingchef søges,2024-04-08,Aabybro,https://www.jobindex.dk/vis-job/h1450779
Entrepriseleder med erfaring fra branchen,2024-04-08,Støvring eller Tune,https://www.jobindex.dk/vis-job/h1450543
"Er du på udkig efter et fleksibelt studie- eller deltidsjob med mening, der samtidig styrker dit CV?",2024-04-08,unknown,https://www.jobindex.dk/vis-job/h1450436
Selvkørende servicetekniker,2024-04-08,Mariager,https://www.jobindex.dk/vis-job/h1450174
Er du vores næste fotograf?,2024-04-08,unknown,https://www.jobindex.dk/vis-job/h1449928
Category Manager - Prefabrication,2024-04-08,Aalborg Ø,https://www.jobindex.dk/vis-job/h1447666
Erhvervsrådgiver til Erhverv Jammerbugt,2024-04-08,Aabybro,https://www.jobindex.dk/vis-job/h1442966
Erhvervstrainee til Erhverv Jammerbugt,2024-04-08,Aabybro,https://www.jobindex.dk/vis-job/h1442965
Erfaren konstruktør eller ingeniør,2024-04-08,Farsø,https://www.jobindex.dk/vis-job/h1442735
Category Manager - med primært fokus på projektindkøb,2024-04-08,Arden,https://www.jobindex.dk/vis-job/h1442608
Montør – få stor indflydelse i en 4-dages arbejdsuge,2024-04-08,unknown,https://www.jobindex.dk/vis-job/h1410790
"Servicemedarbejder søges til DTU Aqua, Nykøbing Mors",2024-04-08,unknown,https://www.jobindex.dk/vis-job/h1458412
Autoriserede psykologer med egen klinik,2024-04-08,unknown,https://www.jobindex.dk/vis-job/h1458381
Er du vores nye salgskonsulent i Nordjylland?,2024-04-08,Aalborg SV,https://www.jobindex.dk/vis-job/h1458378
Landbrugsmaskinmekaniker,2024-04-08,"Hinnerup, Kolding, Brønderslev eller Aalestrup",https://www.jobindex.dk/vis-job/h1458368
Attraktivt job som sælger hos XL-BYG Hadsund,2024-04-08,unknown,https://www.jobindex.dk/vis-job/h1458302
Engageret lagermedarbejder søges til XL-BYG Farsøs ekspeditionslager,2024-04-08,unknown,https://www.jobindex.dk/vis-job/h1458291
Projektleder med teknisk erfaring,2024-04-08,"Vejen, Brøndby, Aalborg eller Aarhus N",https://www.jobindex.dk/vis-job/h1458262
Økonomimedarbejder/Controller,2024-04-08,Hjørring,https://www.jobindex.dk/vis-job/h1458197
"To koordinerende sagsbehandlere til Team Ydelse, Job og Ressourcer",2024-04-08,Thisted,https://www.jobindex.dk/vis-job/h1458182
Støt borgere i at finde deres rette hylde som jobtræner hos Team Virksomhedsservice,2024-04-08,Thisted,https://www.jobindex.dk/vis-job/h1458175
Økonomikonsulent,2024-04-08,Thisted,https://www.jobindex.dk/vis-job/h1458168
Kunderådgivere til studiegældsområdet i Frederikshavn,2024-04-08,Frederikshavn,https://www.jobindex.dk/vis-job/h1458160
Bliv privat lektiehjælper – et unikt studiejob eller deltidsjob,2024-04-08,unknown,https://www.jobindex.dk/vis-job/h1458003
Landinspektør / planlægger med VE-interesse,2024-04-08,Aalborg SV,https://www.jobindex.dk/vis-job/h1457617
Statsautoriseret revisor med lyst til nøglerolle og indflydelse,2024-04-08,Aalborg SV eller Hobro,https://www.jobindex.dk/vis-job/h1457616
Revisor,2024-04-08,Aalborg SV,https://www.jobindex.dk/vis-job/h1457614
"Økonomiassistenter, der brænder for tal og kundeservice",2024-04-08,Aalborg SV eller Hobro,https://www.jobindex.dk/vis-job/h1457612
Planteavlskonsulent – salgsafgrøder for store planteavlere,2024-04-08,Hobro,https://www.jobindex.dk/vis-job/h1457610
Erfaren journalist med indsigt eller interesse for landbruget,2024-04-08,Aalborg SV,https://www.jobindex.dk/vis-job/h1457607
Salgstrainees med speciale i byggematerialer eller værktøj,2024-04-08,unknown,https://www.jobindex.dk/vis-job/h1433450
Chaufførelever,2024-04-08,unknown,https://www.jobindex.dk/vis-job/h1433379
Lager- og logistikelever,2024-04-08,unknown,https://www.jobindex.dk/vis-job/h1433350
"Elev med speciale i glas, porcelæn og gaver",2024-04-08,unknown,https://www.jobindex.dk/vis-job/h1433325
